YEAR,TEAM,SEED,PREDICTED_CHAMPION,CHAMPION_PROBABILITY
2026,MICHIGAN,1,1,0.9123736341311999
2026,IOWA STATE,1,1,0.7997743558257824
2026,DUKE,1,1,0.7340208986718452
2026,HOUSTON,3,1,0.7142095456257886
2026,MICHIGAN STATE,3,1,0.6967009572013894
2026,GONZAGA,2,1,0.5738286977483797
2026,CONNETICUT,2,1,0.5098680968393022
2026,ARIZONA,1,0,0.4768258135559456
2026,BYU,2,0,0.20433120904803773
2026,VANDERBILT,3,0,0.1142077238618451
2026,PURDUE,2,0,0.08699077528416453
2026,ALABAMA,3,0,0.03286817785367523
